,Name,Filter,Phase,PredictedMag,ObservedMag,Residual
0,SN2020sbw,UVM2,-12.876559007519973,-3.024955575947388,0.5479301592426538,-3.5728857351900416
1,SN2020sbw,UVM2,-12.214059007521428,-2.98206985571251,-0.4350698407573432,-2.5470000149551666
2,SN2021uqw,UVM2,-3.118540149938781,-3.3302186247923125,0.0130162851203508,-3.3432349099126633
3,SN2020acat,UVM2,-7.799514399775944,-2.9527733405657646,-4.551285047520887,1.5985117069551222
4,SN2020acat,UVM2,-5.708514399775595,-3.0045716328298813,-3.658285047520886,0.6537134146910049
5,SN2020acat,UVM2,-4.825914399771136,-3.0359861898246745,-3.381285047520885,0.3452988576962106
6,SN2020acat,UVM2,-3.563714399773744,-3.085130410257248,-3.311285047520885,0.22615463726363672
7,SN2020acat,UVM2,-2.8766580044794163,-3.1156634660877334,-3.5047058358113286,0.3890423697235952
8,SN2020acat,UVM2,-1.9970143997707055,-3.157714209566846,-3.8502850475208863,0.6925708379540403
9,SN2020acat,UVM2,0.4306856002294807,-3.279959528018127,-4.5842850475208845,1.3043255195027577
10,SN2020acat,UVM2,2.0063856002307148,-3.368026326515727,-4.385285047520886,1.0172587210051596
11,SN2020acat,UVM2,4.33588560023054,-3.5010939917481227,-5.168285047520884,1.6671910557727614
12,SN2020acat,UVM2,7.655585600230552,-3.698496867981264,-6.107285047520884,2.40878817953962
13,SN2020ikq,UVM2,4.779325840740057,-3.47936314368895,-2.732403641192036,-0.7469595024969138
14,SN2020sbw,UVW1,-12.910459007514874,-2.5885544018537416,0.4655000654759078,-3.0540544673296495
15,SN2020sbw,UVW1,-12.25815900752059,-2.5585052676060656,-0.1994999345240913,-2.3590053330819742
16,SN2021uqw,UVW1,-3.12764014993445,-2.573182398881851,0.0491543505511415,-2.6223367494329928
17,SN2021uqw,UVW1,0.9257598500626044,-2.682097814404184,-1.186845649448859,-1.4952521649553248
18,SN2021uqw,UVW1,2.587359850062058,-2.7774996740875615,-1.4058456494488605,-1.371654024638701
19,SN2020acat,UVW1,-9.5005143997696,-2.107343456160388,-5.172442583614087,3.065099127453699
20,SN2020acat,UVW1,-7.804014399771404,-2.0794395162703143,-3.462442583614086,1.3830030673437719
21,SN2020acat,UVW1,-5.714314399774594,-2.081015409066465,-2.832442583614087,0.7514271745476222
22,SN2020acat,UVW1,-4.83751439977641,-2.0947364891274294,-2.7154425836140863,0.6207060944866569
23,SN2020acat,UVW1,-3.574614399774873,-2.1264247629373703,-2.674442583614086,0.5480178206767157
24,SN2020acat,UVW1,-2.8741539115332984,-2.1492606288489515,-2.494588163319615,0.34532753447066344
25,SN2020acat,UVW1,-2.0040143997757696,-2.18069221822031,-2.738442583614086,0.5577503653937761
26,SN2020acat,UVW1,0.4249856002279557,-2.2922935331900387,-2.671442583614086,0.3791490504240471
27,SN2020acat,UVW1,2.000485600226966,-2.3746048124883448,-2.7824425836140865,0.4078377711257417
28,SN2020acat,UVW1,4.3242856002252665,-2.510024327222938,-3.3434425836140864,0.8334182563911483
29,SN2020acat,UVW1,5.723885600229551,-2.5961704573413034,-3.671442583614086,1.0752721262727825
30,SN2020acat,UVW1,7.649185600224882,-2.716000487170435,-4.140442583614087,1.4244420964436522
31,SN2020acat,UVW1,9.912385600226116,-2.863529401424204,-4.448442583614087,1.584913182189883
32,SN2020acat,UVW1,12.424285600223811,-3.027564956514313,-4.796442583614086,1.7688776270997728
33,SN2020acat,UVW1,15.14828560022579,-3.2102792463812353,-5.241442583614086,2.031163337232851
34,SN2020ikq,UVW1,4.800625840740395,-2.7565114091094145,-2.452167524365614,-0.3043438847438007
35,SN2020ikq,UVW1,5.964325840737729,-2.8340372641850458,-2.505167524365614,-0.3288697398194316
36,SN2020sbw,U,-12.909059007521137,-0.8615825274670073,0.4138797132164526,-1.27546224068346
37,SN2020sbw,U,-12.256759007519577,-0.9031568375485506,0.0338797132164536,-0.9370365507650041
38,SN2021uqw,U,-3.126240149933438,-0.7125826045516312,0.055078169187837,-0.7676607737394683
39,SN2021uqw,U,0.9271598500636172,-0.6996748302339988,-0.6709218308121621,-0.028752999421836734
40,SN2021ybc,U,-9.44942238747899,-1.140631935845981,-1.6938472193016525,0.5532152834556714
41,SN2020acat,U,-11.269314399774885,-0.9781424225419197,-4.699025305053505,3.720882882511585
42,SN2020acat,U,-9.49941439977556,-1.213416424551058,-3.5580253050535067,2.3446088805024488
43,SN2020acat,U,-7.803314399774536,-1.1595393240350855,-2.173025305053505,1.0134859810184196
44,SN2020acat,U,-5.713514399772976,-1.0208075156203424,-1.6120253050535087,0.5912177894331663
45,SN2020acat,U,-4.8358143997757,-0.9765396257823529,-1.506025305053507,0.5294856792711542
46,SN2020acat,U,-3.572914399774163,-0.935200684932818,-1.3790253050535082,0.4438246201206901
47,SN2020acat,U,-2.8797692613763877,-0.924025575921041,-1.2778421964658564,0.35381662054481544
48,SN2020acat,U,-2.0032143997741514,-0.9212442637983873,-1.3290253050535077,0.4077810412551204
49,SN2020acat,U,0.4257856002295739,-0.9638787261392903,-1.3600253050535065,0.39614657891421623
50,SN2020acat,U,2.001385600226058,-1.0201622419901017,-1.1090253050535086,0.08886306306340686
51,SN2020acat,U,4.325985600225977,-1.127169932454505,-1.5230253050535063,0.3958553725990013
52,SN2020acat,U,5.725485600225511,-1.2000499605321,-1.6590253050535058,0.45897534452140576
53,SN2020acat,U,7.650485600228421,-1.3032797479576654,-2.1830253050535067,0.8797455570958412
54,SN2020acat,U,9.913185600227736,-1.4244331417042257,-2.514025305053506,1.0895921633492804
55,SN2020acat,U,12.42628560022422,-1.5557023893904667,-2.8440253050535045,1.2883229156630378
56,SN2020acat,U,15.150085600223974,-1.6881532270359987,-3.2400253050535053,1.5518720780175066
57,SN2020acat,U,18.003185600224242,-1.8153441639057863,-3.8650253050535057,2.0496811411477194
58,SN2020acat,U,33.74608560022898,-2.3419380016733964,-4.727025305053507,2.3850873033801108
59,SN2020ikq,U,4.802125840738881,-1.1757422046790644,-1.6019192493522103,0.4261770446731459
60,SN2019hte,U,18.04379565105046,-1.0900895359573681,-1.5527585637565018,0.46266902779913366
