,MJD,Phase,Filter,ShiftedFilter,Wavelength,ShiftedWavelength,Flux,ShiftedFlux,Fluxerr,ShiftedFluxerr,Mag,ShiftedMag,Magerr,Nondetection
0,53471.24108,-28.163547374242626,U,U,3136.116897411429,3136.116897411429,1.1033382470622017e-15,0.04902097757749324,4.1926853388363664e-17,0.038,17.20458457225606,-0.7779175636030402,0.038,False
1,53472.24389,-27.16073737424449,U,U,3140.06716073,3140.06716073,1.222105428468752e-15,0.09342097757749457,3.910737371100007e-17,0.032,17.09358457225606,-0.6669175636030396,0.032,False
2,53473.20879,-26.195837374245457,U,U,3136.116897411429,3136.116897411429,1.21873328730939e-15,0.09222097757749381,3.65619986192817e-17,0.03,17.09658457225606,-0.6699175636030397,0.03,False
3,53473.22221,-26.182417374242505,U,U,3136.116897411429,3136.116897411429,1.1855194217547821e-15,0.08022097757749336,3.912214091790781e-17,0.033,17.12658457225606,-0.6999175636030408,0.033,False
4,53474.20719,-25.197437374241417,U,U,3136.116897411429,3136.116897411429,1.2097863308745493e-15,0.08902097757749416,3.871316258798558e-17,0.032,17.10458457225606,-0.6779175636030388,0.032,False
5,53474.22057,-25.18405737424473,U,U,3136.116897411429,3136.116897411429,1.186611828488645e-15,0.0806209775774942,3.7971578511636645e-17,0.032,17.12558457225606,-0.6989175636030396,0.032,False
6,53477.19557,-22.20905737423891,U,U,3136.116897411429,3136.116897411429,8.764127220927025e-16,-0.050979022422506404,3.50565088837081e-17,0.04,17.45458457225606,-1.0279175636030402,0.04,False
7,53477.20873,-22.19589737424394,U,U,3136.116897411429,3136.116897411429,8.683777219598745e-16,-0.05497902242250774,3.299835343447523e-17,0.038,17.46458457225606,-1.0379175636030418,0.038,False
8,53478.16898,-21.235647374240216,U,U,3136.116897411429,3136.116897411429,7.316589225958113e-16,-0.12937902242250665,3.438796936200313e-17,0.047,17.65058457225606,-1.2239175636030417,0.047,False
9,53482.19891,-17.20571737424325,U,U,3446.6772546297143,3446.6772546297143,6.43737298606417e-16,-0.18497902242250674,3.733676331917219e-17,0.058,17.78958457225606,-1.362917563603041,0.058,False
10,53482.21267,-17.19195737424161,U,U,3446.6772546297143,3446.6772546297143,6.575195545161958e-16,-0.17577902242250687,4.2081251489036534e-17,0.064,17.76658457225606,-1.3399175636030414,0.064,False
11,53482.22597,-17.178657374242903,U,U,3446.6772546297143,3446.6772546297143,6.593388604922922e-16,-0.1745790224225061,3.8900992769045234e-17,0.059,17.76358457225606,-1.3369175636030413,0.059,False
12,53485.21623,-14.188397374244232,U,U,3446.6772546297143,3446.6772546297143,8.837077692905432e-16,-0.04737902242250591,1.0781234785344627e-16,0.122,17.44558457225606,-1.0189175636030399,0.122,False
13,53486.21818,-13.186447374238924,U,U,3446.6772546297143,3446.6772546297143,8.764127220927025e-16,-0.050979022422506404,8.939409765345566e-17,0.102,17.45458457225606,-1.0279175636030402,0.102,False
14,53490.25441,-9.150217374241038,U,U,3446.6772546297143,3446.6772546297143,1.5328818188887163e-15,0.1918209775774926,5.824950911777122e-17,0.038,16.84758457225606,-0.4209175636030409,0.038,False
15,53490.25815,-9.14647737424093,U,U,3446.6772546297143,3446.6772546297143,1.6080837865383139e-15,0.21262097757749387,6.593143524807088e-17,0.041,16.79558457225606,-0.3689175636030413,0.041,False
16,53492.17501,-7.229617374243389,U,U,3446.6772546297143,3446.6772546297143,2.09849854870743e-15,0.32822097757749447,6.295495646122289e-17,0.03,16.50658457225606,-0.07991756360303981,0.03,False
17,53492.17874,-7.225887374239392,U,U,3446.6772546297143,3446.6772546297143,2.0003623562442624e-15,0.3074209775774932,6.001087068732787e-17,0.03,16.55858457225606,-0.1319175636030394,0.03,False
18,53492.19205,-7.2125773742445745,U,U,3446.6772546297143,3446.6772546297143,2.0263229964124854e-15,0.31302097757749436,6.078968989237456e-17,0.03,16.54458457225606,-0.11791756360304007,0.03,False
19,53492.19579,-7.208837374244467,U,U,3446.6772546297143,3446.6772546297143,2.005897204849265e-15,0.30862097757749396,6.017691614547795e-17,0.03,16.55558457225606,-0.1289175636030393,0.03,False
20,53493.14478,-6.259847374240053,U,U,3446.6772546297143,3446.6772546297143,2.149357579318138e-15,0.3386209775774933,6.018201222090787e-17,0.028,16.48058457225606,-0.05391756360304001,0.028,False
21,53493.14851,-6.256117374243331,U,U,3446.6772546297143,3446.6772546297143,2.181266217216209e-15,0.3450209775774926,6.107545408205386e-17,0.028,16.46458457225606,-0.03791756360304177,0.028,False
22,53493.16233,-6.242297374243208,U,U,3446.6772546297143,3446.6772546297143,2.1732449203427775e-15,0.34342097757749457,6.519734761028332e-17,0.03,16.46858457225606,-0.041917563603039554,0.03,False
23,53493.16605,-6.238577374242595,U,U,3446.6772546297143,3446.6772546297143,2.181266217216209e-15,0.3450209775774926,6.543798651648628e-17,0.03,16.46458457225606,-0.03791756360304177,0.03,False
24,53494.15419,-5.250437374241301,U,U,3446.6772546297143,3446.6772546297143,2.341578237824649e-15,0.37582097757749366,6.556419065909018e-17,0.028,16.38758457225606,0.03908243639695996,0.028,False
25,53494.15793,-5.246697374241194,U,U,3446.6772546297143,3446.6772546297143,2.3939147090187697e-15,0.3854209775774944,6.702961185252555e-17,0.028,16.36358457225606,0.06308243639696087,0.028,False
26,53494.17134,-5.233287374241627,U,U,3446.6772546297143,3446.6772546297143,2.352386471890896e-15,0.37782097757749256,6.586682121294509e-17,0.028,16.38258457225606,0.04408243639695897,0.028,False
27,53494.17508,-5.22954737424152,U,U,3446.6772546297143,3446.6772546297143,2.371967167044469e-15,0.38142097757749305,7.115901501133407e-17,0.03,16.37358457225606,0.05308243639695931,0.03,False
28,53495.15281,-4.251817374242819,U,U,3446.6772546297143,3446.6772546297143,2.0735221223262307e-15,0.3230209775774924,7.464679640374431e-17,0.036,16.51958457225606,-0.09291756360304149,0.036,False
29,53495.15654,-4.248087374238821,U,U,3446.6772546297143,3446.6772546297143,2.378530217546113e-15,0.3826209775774938,6.897737630883727e-17,0.029,16.37058457225606,0.05608243639695942,0.029,False
30,53495.17004,-4.234587374245166,U,U,3446.6772546297143,3446.6772546297143,2.2341311979329384e-15,0.35542097757749325,7.149219833385403e-17,0.032,16.43858457225606,-0.01191756360304197,0.032,False
31,53495.17376,-4.2308673742445535,U,U,3446.6772546297143,3446.6772546297143,2.1652531206499307e-15,0.34182097757749297,7.145335298144772e-17,0.033,16.47258457225606,-0.04591756360304089,0.033,False
32,53496.13766,-3.2669673742420855,U,U,3136.116897411429,3136.116897411429,2.548641046191665e-15,0.41262097757749316,7.136194929336661e-17,0.028,16.29558457225606,0.1310824363969587,0.028,False
33,53496.16236,-3.2422673742403276,U,U,3136.116897411429,3136.116897411429,2.5113582681276108e-15,0.40622097757749387,7.282938977570072e-17,0.029,16.31158457225606,0.11508243639696047,0.029,False
34,53496.16609,-3.238537374243606,U,U,3136.116897411429,3136.116897411429,2.5183070030723614e-15,0.4074209775774946,7.554921009217084e-17,0.03,16.30858457225606,0.11808243639696059,0.03,False
35,53497.15229,-2.2523373742442345,U,U,3446.6772546297143,3446.6772546297143,2.7033898146010355e-15,0.4382209775774939,7.5694914808829e-17,0.028,16.23158457225606,0.19508243639695877,0.028,False
36,53497.15602,-2.248607374240237,U,U,3446.6772546297143,3446.6772546297143,2.7108698860477937e-15,0.4394209775774929,7.861522669538602e-17,0.029,16.22858457225606,0.19808243639695888,0.029,False
37,53497.16977,-2.234857374241983,U,U,3446.6772546297143,3446.6772546297143,2.6032068189017783e-15,0.42182097757749304,7.809620456705335e-17,0.03,16.27258457225606,0.1540824363969584,0.03,False
38,53497.17351,-2.231117374241876,U,U,3446.6772546297143,3446.6772546297143,2.598415948638916e-15,0.4210209775774931,7.275564656188965e-17,0.028,16.27458457225606,0.1520824363969595,0.028,False
39,53498.14667,-1.2579573742405046,U,U,3446.6772546297143,3446.6772546297143,2.651604047057099e-15,0.42982097757749216,7.689651736465587e-17,0.029,16.252584572256062,0.17408243639695797,0.029,False
40,53498.16001,-1.2446173742428073,U,U,3446.6772546297143,3446.6772546297143,2.6321381096460986e-15,0.4266209775774925,7.633200517973686e-17,0.029,16.26058457225606,0.16608243639695885,0.029,False
41,53498.16375,-1.2408773742427002,U,U,3446.6772546297143,3446.6772546297143,2.617632494320385e-15,0.4242209775774928,7.852897482961155e-17,0.03,16.26658457225606,0.16008243639695863,0.03,False
42,53499.13843,-0.26619737424334744,U,U,3446.6772546297143,3446.6772546297143,2.6321381096460986e-15,0.4266209775774925,8.159628139902905e-17,0.031,16.26058457225606,0.16608243639695885,0.031,False
43,53499.14216,-0.26246737423934974,U,U,3446.6772546297143,3446.6772546297143,2.7258921765528173e-15,0.4418209775774926,8.177676529658452e-17,0.03,16.22258457225606,0.2040824363969591,0.03,False
44,53499.15552,-0.24910737424215768,U,U,3446.6772546297143,3446.6772546297143,2.569855316881309e-15,0.41622097757749366,7.452580418955796e-17,0.029,16.28658457225606,0.14008243639695905,0.029,False
45,53499.15925,-0.24537737424543593,U,U,3446.6772546297143,3446.6772546297143,2.586477311807785e-15,0.41902097757749424,8.018079666604134e-17,0.031,16.27958457225606,0.1470824363969605,0.031,False
46,53501.1648,1.7601726257562404,U,U,3446.6772546297143,3446.6772546297143,2.1933537080074353e-15,0.34742097757749235,6.79939649482305e-17,0.031,16.45858457225606,-0.03191756360304154,0.031,False
47,53501.16854,1.7639126257563476,U,U,3446.6772546297143,3446.6772546297143,2.1692453401376246e-15,0.3426209775774929,6.724660554426636e-17,0.031,16.47058457225606,-0.043917563603042,0.031,False
48,53502.18652,2.78189262576052,U,U,3446.6772546297143,3446.6772546297143,2.135544734095986e-15,0.33582097757749274,5.979525255468761e-17,0.028,16.48758457225606,-0.06091756360304146,0.028,False
49,53502.19026,2.785632625760627,U,U,3446.6772546297143,3446.6772546297143,2.177251874836814e-15,0.3442209775774927,6.314030437026761e-17,0.029,16.46658457225606,-0.03991756360304066,0.029,False
50,53503.18262,3.7779926257571788,U,U,3446.6772546297143,3446.6772546297143,2.1023676884034504e-15,0.3290209775774926,6.096866296370006e-17,0.029,16.50458457225606,-0.07791756360304092,0.029,False
51,53503.18635,3.7817226257611765,U,U,3446.6772546297143,3446.6772546297143,2.0965666499258935e-15,0.3278209775774936,6.080043284785091e-17,0.029,16.50758457225606,-0.08091756360304103,0.029,False
52,53509.15957,9.754942625761032,U,U,3446.6772546297143,3446.6772546297143,1.1596012456255347e-15,0.07062097757749264,4.5224448579395855e-17,0.039,17.15058457225606,-0.7239175636030417,0.039,False
53,53509.1633,9.758672625757754,U,U,3446.6772546297143,3446.6772546297143,1.2120168934448081e-15,0.08982097757749408,5.81768108853508e-17,0.048,17.10258457225606,-0.6759175636030399,0.048,False
54,53509.17941,9.774782625754597,U,U,3446.6772546297143,3446.6772546297143,1.2053375133772704e-15,0.08742097757749434,6.267755069561805e-17,0.052,17.10858457225606,-0.6819175636030401,0.052,False
55,53509.18314,9.778512625758594,U,U,3446.6772546297143,3446.6772546297143,1.1553369766552691e-15,0.06902097757749459,7.625224045924776e-17,0.066,17.15458457225606,-0.7279175636030395,0.066,False
56,53510.15622,10.75159262575471,U,U,3136.116897411429,3136.116897411429,1.2198562992359813e-15,0.09262097757749288,9.148922244269859e-17,0.075,17.09558457225606,-0.668917563603042,0.075,False
57,53510.15996,10.755332625754818,U,U,3136.116897411429,3136.116897411429,1.0614723191139584e-15,0.032220977577493315,6.156539450860959e-17,0.058,17.24658457225606,-0.8199175636030418,0.058,False
58,53511.16008,11.755452625759062,U,U,3118.577121088,3118.577121088,1.1063910990310118e-15,0.050220977577494,5.421316385251958e-17,0.049,17.20158457225606,-0.7749175636030401,0.049,False
59,53511.16381,11.759182625755784,U,U,3118.577121088,3118.577121088,1.0912108440592554e-15,0.04422097757749377,5.456054220296278e-17,0.05,17.21658457225606,-0.7899175636030407,0.05,False
60,53512.16274,12.758112625757349,U,U,3136.116897411429,3136.116897411429,9.05959270073332e-16,-0.03657902242250621,6.522906744527991e-17,0.072,17.41858457225606,-0.9919175636030388,0.072,False
61,53513.16135,13.756722625759721,U,U,3446.6772546297143,3446.6772546297143,9.434278081154243e-16,-0.018979022422506375,2.4057409106943322e-16,0.255,17.37458457225606,-0.9479175636030419,0.255,False
62,53513.16508,13.760452625756443,U,U,3446.6772546297143,3446.6772546297143,9.477824730204925e-16,-0.016979022422505707,1.791308874008731e-16,0.189,17.36958457225606,-0.9429175636030394,0.189,False
63,53516.16409,16.759462625755987,U,U,3446.6772546297143,3446.6772546297143,4.785294528649367e-16,-0.31377902242250677,2.5362061001841646e-17,0.053,18.11158457225606,-1.6849175636030402,0.053,False
64,53516.16782,16.763192625759984,U,U,3446.6772546297143,3446.6772546297143,4.847397931550059e-16,-0.3081790224225074,3.2962305934540405e-17,0.068,18.09758457225606,-1.670917563603041,0.068,False
65,53520.16678,20.762152625757153,U,U,3668.0868,3668.0868,2.8464835162764704e-16,-0.5393790224225068,2.6472296701371173e-17,0.093,18.67558457225606,-2.2489175636030403,0.093,False
66,53522.16999,22.765362625759735,U,U,3118.577121088,3118.577121088,3.0082136196890297e-16,-0.5153790224225077,3.700102752217506e-17,0.123,18.61558457225606,-2.1889175636030416,0.123,False
67,53524.15557,24.750942625760217,U,U,3136.116897411429,3136.116897411429,2.593633895361976e-16,-0.5797790224225068,2.3342705058257782e-17,0.09,18.77658457225606,-2.3499175636030394,0.09,False
68,53481.154,-18.25062737424014,H,H,15150.19660285714,15150.19660285714,2.1287864132992203e-17,-1.665555605893596,1.745604858905361e-18,0.082,18.211600512750437,-1.7849335040974168,0.082,False
69,53482.142,-17.262627374242584,H,H,15210.290012182859,15210.290012182859,2.3384715451715682e-17,-1.6247556058935988,2.1513938215578427e-18,0.092,18.109600512750436,-1.6829335040974165,0.092,False
70,53485.154,-14.250627374240139,H,H,15210.290012182859,15210.290012182859,2.6873986194409456e-17,-1.5643556058935975,1.9080530198030712e-18,0.071,17.958600512750436,-1.5319335040974167,0.071,False
71,53486.147,-13.257627374245203,H,H,15210.290012182859,15210.290012182859,2.916970853973242e-17,-1.5287556058935952,1.9543704721620723e-18,0.067,17.869600512750434,-1.4429335040974145,0.067,False
72,53487.145,-12.25962737424561,H,H,15150.19660285714,15150.19660285714,3.342967001815733e-17,-1.4695556058935981,1.6046241608715517e-18,0.048,17.721600512750435,-1.2949335040974148,0.048,False
73,53488.146,-11.258627374241769,H,H,15150.19660285714,15150.19660285714,3.605222640400668e-17,-1.4367556058935964,1.7665590937963273e-18,0.049,17.639600512750434,-1.212933504097414,0.049,False
74,53489.136,-10.268627374243806,H,H,17724.719429999997,17724.719429999997,3.7439676688999696e-17,-1.420355605893599,2.059182217894983e-18,0.055,17.598600512750437,-1.1719335040974173,0.055,False
75,53490.13,-9.274627374245028,H,H,15210.290012182859,15210.290012182859,3.6891990635339186e-17,-1.4267556058935984,1.8445995317669595e-18,0.05,17.614600512750435,-1.1879335040974155,0.05,False
76,53492.14,-7.264627374242991,H,H,15210.290012182859,15210.290012182859,3.595274791899911e-17,-1.4379556058935972,1.977401135544951e-18,0.055,17.642600512750434,-1.2159335040974142,0.055,False
77,53493.141,-6.2636273742391495,H,H,15210.290012182859,15210.290012182859,3.895220881630404e-17,-1.4031556058935966,8.95900802774993e-19,0.023,17.555600512750434,-1.1289335040974144,0.023,False
78,53494.126,-5.278627374245843,H,H,15210.290012182859,15210.290012182859,4.0191303323826523e-17,-1.3895556058935963,1.085165189743316e-18,0.027,17.521600512750435,-1.0949335040974155,0.027,False
79,53495.166,-4.23862737424497,H,H,15210.290012182859,15210.290012182859,5.101901735984745e-17,-1.2859556058935961,1.9897416770340505e-18,0.039,17.262600512750435,-0.8359335040974152,0.039,False
80,53497.153,-2.2516273742439807,H,H,15210.290012182859,15210.290012182859,5.064447690015852e-17,-1.2891556058935993,1.9751345991061822e-18,0.039,17.270600512750438,-0.8439335040974179,0.039,False
81,53498.132,-1.272627374244621,H,H,15210.290012182859,15210.290012182859,4.576485489776954e-17,-1.3331556058935963,1.3729456469330862e-18,0.03,17.380600512750437,-0.9539335040974173,0.03,False
82,53499.227,-0.17762737424345687,H,H,15210.290012182859,15210.290012182859,5.083140216588154e-17,-1.287555605893596,2.439907303962314e-18,0.048,17.266600512750436,-0.8399335040974165,0.048,False
83,53500.143,0.738372625753982,H,H,15150.19660285714,15150.19660285714,4.7745460863067716e-17,-1.3147556058935965,2.387273043153386e-18,0.05,17.334600512750438,-0.9079335040974179,0.05,False
84,53501.14,1.7353726257570088,H,H,15210.290012182859,15210.290012182859,4.6529896845468204e-17,-1.3259556058935988,1.5354865959004508e-18,0.033,17.362600512750436,-0.9359335040974166,0.033,False
85,53502.131,2.7263726257588132,H,H,15210.290012182859,15210.290012182859,5.211132186828759e-17,-1.2767556058935963,1.9802302309949282e-18,0.038,17.239600512750435,-0.8129335040974155,0.038,False
86,53503.131,3.7263726257588132,H,H,15210.290012182859,15210.290012182859,5.911968204987652e-17,-1.221955605893596,1.034594435872839e-17,0.175,17.102600512750435,-0.675933504097415,0.175,False
87,53509.141,9.73637262576085,H,H,15210.290012182859,15210.290012182859,5.682403769044733e-17,-1.2391556058935986,1.4206009422611834e-17,0.25,17.145600512750438,-0.7189335040974179,0.25,False
88,53513.14,13.735372625757009,H,H,15210.290012182859,15210.290012182859,6.04967563475049e-17,-1.211955605893598,3.2063280864177595e-18,0.053,17.077600512750436,-0.6509335040974165,0.053,False
89,53515.141,15.73637262576085,H,H,15150.19660285714,15150.19660285714,4.8947677474359923e-17,-1.3039556058935968,2.9858083259359554e-18,0.061,17.307600512750437,-0.8809335040974169,0.061,False
90,53516.145,16.74037262575439,H,H,15210.290012182859,15210.290012182859,5.069114367472456e-17,-1.2887556058935967,1.8755723159648084e-18,0.037,17.269600512750436,-0.8429335040974166,0.037,False
91,53525.147,25.742372625754797,H,H,15150.19660285714,15150.19660285714,3.5492132136896955e-17,-1.4435556058935983,1.9165751353924354e-18,0.054,17.656600512750437,-1.229933504097417,0.054,False
92,53471.23685,-28.16777737424127,i,i,7342.254639137143,7342.254639137143,1.475686579678809e-16,-0.8246935679209226,4.427059739036427e-18,0.03,17.74640662009363,-1.3197396114406104,0.03,False
93,53473.2046,-26.20002737424511,i,i,7342.254639137143,7342.254639137143,1.6849775842421002e-16,-0.7670935679209236,5.391928269574721e-18,0.032,17.60240662009363,-1.175739611440612,0.032,False
94,53473.21801,-26.186617374245543,i,i,7342.254639137143,7342.254639137143,1.6435924124432546e-16,-0.7778935679209233,4.108981031108137e-18,0.025,17.629406620093633,-1.202739611440613,0.025,False
95,53474.203,-25.20162737424107,i,i,7342.254639137143,7342.254639137143,1.759519675831739e-16,-0.748293567920923,3.870943286829826e-18,0.022,17.55540662009363,-1.1287396114406114,0.022,False
96,53474.21638,-25.188247374244384,i,i,7342.254639137143,7342.254639137143,1.7530492919954556e-16,-0.7498935679209229,5.434452805185913e-18,0.031,17.559406620093633,-1.1327396114406127,0.031,False
97,53476.21406,-23.190567374243983,i,i,7815.062709999999,7815.062709999999,1.932832091278328e-16,-0.7074935679209222,4.445513809940154e-18,0.023,17.45340662009363,-1.026739611440611,0.023,False
98,53477.19134,-22.21328737424483,i,i,7342.254639137143,7342.254639137143,1.9669536569198917e-16,-0.6998935679209239,4.1306026795317726e-18,0.021,17.434406620093633,-1.0077396114406127,0.021,False
99,53477.20463,-22.19999737424223,i,i,7342.254639137143,7342.254639137143,1.9204107469779973e-16,-0.7102935679209228,4.224903643351594e-18,0.022,17.460406620093632,-1.0337396114406125,0.022,False
100,53478.16473,-21.23989737424563,i,i,8604.095961654857,8604.095961654857,2.0388915580632269e-16,-0.684293567920923,5.3011180509643895e-18,0.026,17.39540662009363,-0.9687396114406113,0.026,False
101,53482.19482,-17.20980737424543,i,i,7367.881507147428,7367.881507147428,2.462601432111179e-16,-0.602293567920924,7.634064439544654e-18,0.031,17.190406620093633,-0.763739611440613,0.031,False
102,53482.20846,-17.19616737424076,i,i,7367.881507147428,7367.881507147428,2.4400241664744413e-16,-0.6062935679209218,5.124050749596327e-18,0.021,17.20040662009363,-0.773739611440611,0.021,False
103,53482.22176,-17.18286737424205,i,i,7367.881507147428,7367.881507147428,2.402116839145013e-16,-0.613093567920922,5.284657046119029e-18,0.022,17.21740662009363,-0.7907396114406104,0.022,False
104,53482.23517,-17.169457374242484,i,i,7367.881507147428,7367.881507147428,2.2897819506645986e-16,-0.6338935679209232,6.182411266794416e-18,0.027,17.269406620093633,-0.8427396114406136,0.027,False
105,53483.27005,-16.134577374243236,i,i,8653.897601091428,8653.897601091428,2.7001887761008954e-16,-0.5622935679209231,8.910622961132955e-18,0.033,17.09040662009363,-0.6637396114406116,0.033,False
106,53485.19096,-14.213667374242505,i,i,7367.881507147428,7367.881507147428,2.848355077304237e-16,-0.5390935679209221,6.266381170069321e-18,0.022,17.03240662009363,-0.6057396114406117,0.022,False
107,53485.20829,-14.196337374240102,i,i,7367.881507147428,7367.881507147428,2.7201579811820574e-16,-0.5590935679209235,4.352252769891292e-18,0.016,17.082406620093632,-0.6557396114406124,0.016,False
108,53490.24961,-9.15501737424347,i,i,7367.881507147428,7367.881507147428,3.8494096233688257e-16,-0.4082935679209232,8.468701171411416e-18,0.022,16.705406620093633,-0.27873961144061354,0.022,False
109,53492.17079,-7.2338373742459225,i,i,7367.881507147428,7367.881507147428,4.1475738505955253e-16,-0.3758935679209223,8.29514770119105e-18,0.02,16.62440662009363,-0.19773961144061047,0.02,False
110,53492.18781,-7.2168173742393265,i,i,7367.881507147428,7367.881507147428,4.2480940942514183e-16,-0.3654935679209217,7.646569369652552e-18,0.018,16.59840662009363,-0.17173961144061067,0.018,False
111,53493.14057,-6.264057374239201,i,i,7367.881507147428,7367.881507147428,4.448300600897075e-16,-0.3454935679209239,8.451771141704444e-18,0.019,16.548406620093633,-0.12173961144061352,0.019,False
112,53493.1581,-6.24652737424185,i,i,7367.881507147428,7367.881507147428,4.4156447670901834e-16,-0.34869356792092354,7.948160580762329e-18,0.018,16.556406620093632,-0.12973961144061263,0.018,False
113,53494.14999,-5.254637374244339,i,i,7367.881507147428,7367.881507147428,4.568715635657002e-16,-0.3338935679209243,8.223688144182602e-18,0.018,16.519406620093633,-0.0927396114406136,0.018,False
114,53494.16713,-5.237497374240775,i,i,7367.881507147428,7367.881507147428,4.526829398940038e-16,-0.33789356792092207,8.148292918092067e-18,0.018,16.52940662009363,-0.10273961144061161,0.018,False
115,53496.13344,-3.2711873742446187,i,i,8604.095961654857,8604.095961654857,4.913535834279837e-16,-0.3022935679209233,8.353010918275723e-18,0.017,16.440406620093633,-0.013739611440612975,0.017,False
116,53496.15813,-3.2464973742389702,i,i,8604.095961654857,8604.095961654857,4.981889926601502e-16,-0.2962935679209231,9.465590860542853e-18,0.019,16.425406620093632,0.001260388559387593,0.019,False
117,53497.14807,-2.2565573742394918,i,i,7367.881507147428,7367.881507147428,4.837200929989095e-16,-0.30909356792092346,1.2093002324972739e-17,0.025,16.457406620093632,-0.030739611440612435,0.025,False
118,53497.16557,-2.2390573742450215,i,i,7367.881507147428,7367.881507147428,4.68375454679476e-16,-0.3230935679209228,1.405126364038428e-17,0.03,16.492406620093632,-0.06573961144061258,0.03,False
119,53498.1387,-1.2659273742392543,i,i,7367.881507147428,7367.881507147428,5.231113314940177e-16,-0.27509356792092277,9.939115298386337e-18,0.019,16.37240662009363,0.05426038855938842,0.019,False
120,53498.15581,-1.2488173742458457,i,i,7367.881507147428,7367.881507147428,5.159339749537771e-16,-0.281093567920923,9.286811549167987e-18,0.018,16.387406620093632,0.03926038855938785,0.018,False
121,53499.13421,-0.27041737424588064,i,i,7367.881507147428,7367.881507147428,5.226297499630017e-16,-0.2754935679209236,9.407335499334028e-18,0.018,16.373406620093633,0.053260388559387195,0.018,False
122,53499.15132,-0.2533073742451961,i,i,7367.881507147428,7367.881507147428,5.107332444426742e-16,-0.2854935679209234,9.70393164441081e-18,0.019,16.39840662009363,0.028260388559388616,0.019,False
123,53501.15992,1.7552926257558283,i,i,7367.881507147428,7367.881507147428,5.387584908256055e-16,-0.2622935679209224,9.697652834860898e-18,0.018,16.34040662009363,0.08626038855938845,0.018,False
124,53502.18166,2.7770326257596025,i,i,7367.881507147428,7367.881507147428,5.417440220024754e-16,-0.25989356792092266,9.209648374042082e-18,0.017,16.33440662009363,0.09226038855938867,0.017,False
125,53503.17784,3.7732126257542404,i,i,7367.881507147428,7367.881507147428,5.348033606945833e-16,-0.26549356792092205,9.626460492502498e-18,0.018,16.34840662009363,0.07826038855938933,0.018,False
126,53508.17027,8.765642625759938,i,i,8585.360938,8585.360938,5.27465583499696e-16,-0.2714935679209223,4.219724667997568e-17,0.08,16.36340662009363,0.06326038855938876,0.08,False
127,53509.15535,9.750722625758499,i,i,7367.881507147428,7367.881507147428,5.000277738172114e-16,-0.29469356792092327,1.0000555476344228e-17,0.02,16.42140662009363,0.005260388559388929,0.02,False
128,53510.15199,10.747362625756068,i,i,7342.254639137143,7342.254639137143,5.060508139125277e-16,-0.28949356792092296,9.108914650425497e-18,0.018,16.408406620093633,0.018260388559387053,0.018,False
129,53512.15478,12.750152625754708,i,i,7342.254639137143,7342.254639137143,4.770832045124457e-16,-0.3150935679209237,1.097291370378625e-17,0.023,16.472406620093633,-0.045739611440613004,0.023,False
130,53513.15712,13.752492625761079,i,i,7367.881507147428,7367.881507147428,4.77962834172435e-16,-0.314293567920922,8.60333101510383e-18,0.018,16.47040662009363,-0.04373961144061056,0.018,False
131,53513.17425,13.769622625753982,i,i,7367.881507147428,7367.881507147428,5.121464040018451e-16,-0.28429356792092264,1.8437270544066423e-17,0.036,16.39540662009363,0.03126038855938873,0.036,False
132,53524.14756,24.742932625755202,i,i,8323.686778873143,8323.686778873143,2.5644493611401614e-16,-0.5846935679209224,6.4111234028504034e-18,0.025,17.146406620093632,-0.7197396114406125,0.025,False
133,53526.14896,26.744332625756215,i,i,7815.062709999999,7815.062709999999,2.362621369139512e-16,-0.6202935679209229,4.725242738279024e-18,0.02,17.23540662009363,-0.8087396114406111,0.02,False
134,53471.24492,-28.159707374245045,B,B,4117.549037147429,4117.549037147429,4.52634394057196e-16,-0.3379401442721637,9.05268788114392e-18,0.02,17.74612932819614,-1.3194623195431205,0.02,False
135,53472.24774,-27.156887374243524,B,B,4027.560720401714,4027.560720401714,4.908485940207785e-16,-0.302740144272164,9.326123286394791e-18,0.019,17.658129328196143,-1.2314623195431231,0.019,False
136,53473.21264,-26.19198737424449,B,B,3977.3444457565715,3977.3444457565715,5.069294839769049e-16,-0.28874014427216466,1.0138589679538099e-17,0.02,17.623129328196143,-1.196462319543123,0.02,False
137,53473.22608,-26.178547374242044,B,B,3977.3444457565715,3977.3444457565715,5.125633522432743e-16,-0.2839401442721634,1.0251267044865485e-17,0.02,17.611129328196142,-1.1844623195431225,0.02,False
138,53474.21104,-25.19358737424045,B,B,4117.549037147429,4117.549037147429,5.230552328980844e-16,-0.2751401442721626,9.938049425063604e-18,0.019,17.58912932819614,-1.1624623195431205,0.019,False
139,53474.22442,-25.180207374243764,B,B,4117.549037147429,4117.549037147429,5.064627996167852e-16,-0.2891401442721637,9.622793192718919e-18,0.019,17.62412932819614,-1.1974623195431207,0.019,False
140,53476.22215,-23.18247737424099,B,B,4462.83894,4462.83894,4.999741507080365e-16,-0.2947401442721649,1.0499457164868769e-17,0.021,17.638129328196143,-1.2114623195431236,0.021,False
141,53477.19942,-22.20520737424522,B,B,4257.753628538286,4257.753628538286,4.70920451082244e-16,-0.3207401442721629,9.41840902164488e-18,0.02,17.70312932819614,-1.2764623195431213,0.02,False
142,53477.21258,-22.192047374242975,B,B,4257.753628538286,4257.753628538286,4.805599252058606e-16,-0.3119401442721639,1.0091758429323073e-17,0.021,17.681129328196143,-1.2544623195431228,0.021,False
143,53490.25125,-9.153377374241245,B,B,3882.366616020571,3882.366616020571,9.650449697794744e-16,-0.009140144272164363,1.8335854425810013e-17,0.019,16.92412932819614,-0.49746231954312137,0.019,False
144,53492.1826,-7.222027374242316,B,B,3882.366616020571,3882.366616020571,1.0748492341383961e-15,0.0376598557278367,1.8272436980352735e-17,0.017,16.80712932819614,-0.3804623195431205,0.017,False
145,53492.19964,-7.204987374243501,B,B,3882.366616020571,3882.366616020571,1.0788164284111197e-15,0.03925985572783652,1.941869571140015e-17,0.018,16.803129328196142,-0.3764623195431227,0.018,False
146,53493.15237,-6.2522573742389795,B,B,3882.366616020571,3882.366616020571,1.1317423077251816e-15,0.06005985572783601,2.0371361539053267e-17,0.018,16.751129328196143,-0.3244623195431231,0.018,False
147,53493.1699,-6.234727374241629,B,B,3882.366616020571,3882.366616020571,1.1422141903667277e-15,0.06405985572783557,2.0559855426601097e-17,0.018,16.74112932819614,-0.31446231954312154,0.018,False
148,53494.16177,-5.242857374243613,B,B,3882.366616020571,3882.366616020571,1.1559726298499974e-15,0.06925985572783588,1.9651534707449957e-17,0.017,16.728129328196143,-0.3014623195431234,0.017,False
149,53494.17895,-5.225677374241059,B,B,3882.366616020571,3882.366616020571,1.1688197766859073e-15,0.07405985572783536,1.9869936203660427e-17,0.017,16.716129328196143,-0.28946231954312296,0.017,False
150,53495.16038,-4.24424737424124,B,B,3882.366616020571,3882.366616020571,1.2104519414814088e-15,0.08925985572783546,2.2998586888146767e-17,0.019,16.678129328196142,-0.2514623195431227,0.019,False
151,53496.16993,-3.234697374246025,B,B,4257.753628538286,4257.753628538286,1.2227778169022546e-15,0.09365985572783586,2.201000070424058e-17,0.018,16.667129328196143,-0.24046231954312347,0.018,False
152,53497.15987,-2.2447573742392706,B,B,3882.366616020571,3882.366616020571,1.2478073842057685e-15,0.10245985572783667,2.246053291570383e-17,0.018,16.64512932819614,-0.21846231954312145,0.018,False
153,53497.17735,-2.227277374244295,B,B,3882.366616020571,3882.366616020571,1.2512599711524382e-15,0.10365985572783565,2.3773939451896326e-17,0.019,16.64212932819614,-0.21546231954312134,0.019,False
154,53498.15053,-1.254097374243429,B,B,3882.366616020571,3882.366616020571,1.2535670013990944e-15,0.10445985572783556,2.1310639023784608e-17,0.017,16.640129328196142,-0.21346231954312245,0.017,False
155,53498.16762,-1.2370073742422392,B,B,3882.366616020571,3882.366616020571,1.240930764073435e-15,0.10005985572783693,2.233675375332183e-17,0.018,16.65112932819614,-0.22446231954312168,0.018,False
156,53499.14599,-0.2586373742451542,B,B,3882.366616020571,3882.366616020571,1.223904555694292e-15,0.0940598557278367,2.0806377446802966e-17,0.017,16.666129328196142,-0.23946231954312225,0.017,False
157,53499.1631,-0.24152737424446968,B,B,3882.366616020571,3882.366616020571,1.2272910053550697e-15,0.09525985572783569,2.2091238096391254e-17,0.018,16.663129328196142,-0.23646231954312213,0.018,False
158,53503.1796,3.774972625760711,B,B,3882.366616020571,3882.366616020571,1.059125809488783e-15,0.03125985572783563,1.906426457079809e-17,0.018,16.823129328196142,-0.3964623195431223,0.018,False
159,53509.16714,9.762512625755335,B,B,3882.366616020571,3882.366616020571,7.186998452519134e-16,-0.13714014427216448,5.965208715590882e-17,0.083,17.24412932819614,-0.8174623195431217,0.083,False
160,53510.16382,10.75919262575917,B,B,3977.3444457565715,3977.3444457565715,7.055820947248469e-16,-0.1451401442721636,1.5522806083946632e-17,0.022,17.26412932819614,-0.8374623195431212,0.022,False
161,53511.16765,11.763022625760641,B,B,4639.75717096,4639.75717096,5.977884935776387e-16,-0.21714014427216277,2.0324808781639716e-17,0.034,17.44412932819614,-1.017462319543121,0.034,False
162,53512.16661,12.76198262575781,B,B,4257.753628538286,4257.753628538286,5.82569241950513e-16,-0.2283401442721651,1.6311938774614364e-17,0.028,17.472129328196143,-1.0454623195431232,0.028,False
163,53516.17168,16.76705262575706,B,B,4318.055977411428,4318.055977411428,4.177799093692416e-16,-0.3727401442721625,7.93781827801559e-18,0.019,17.83312932819614,-1.4064623195431203,0.019,False
164,53522.16139,22.75676262575871,B,B,3987.822863872,3987.822863872,2.3171148009340685e-16,-0.6287401442721627,6.256209962521985e-18,0.027,18.47312932819614,-2.046462319543121,0.027,False
165,53524.15944,24.754812625760678,B,B,4678.367402710857,4678.367402710857,1.9867698068113168e-16,-0.6955401442721634,4.966924517028292e-18,0.025,18.640129328196142,-2.2134623195431224,0.025,False
166,53526.16081,26.75618262575881,B,B,4462.83894,4462.83894,1.5854317506598524e-16,-0.7935401442721641,4.9148384270455425e-18,0.031,18.885129328196143,-2.4584623195431234,0.031,False
167,53481.154,-18.25062737424014,Ks,Ks,22633.800675714283,22633.800675714283,9.838696640935853e-18,-2.0007501255546476,5.509670118924078e-19,0.056,18.408304259722254,-1.981637251069234,0.056,False
168,53482.142,-17.262627374242584,Ks,Ks,22617.009155827425,22617.009155827425,1.0302380128336435e-17,-1.9807501255546445,8.241904102669148e-19,0.08,18.358304259722253,-1.9316372510692332,0.08,False
169,53485.154,-14.250627374240139,Ks,Ks,22617.009155827425,22617.009155827425,1.173106848205815e-17,-1.924350125554648,6.100155610670238e-19,0.052,18.217304259722255,-1.790637251069235,0.052,False
170,53486.147,-13.257627374245203,Ks,Ks,22617.009155827425,22617.009155827425,1.1485173760290018e-17,-1.933550125554648,7.235659468982712e-19,0.063,18.240304259722254,-1.8136372510692347,0.063,False
171,53487.145,-12.25962737424561,Ks,Ks,22633.800675714283,22633.800675714283,1.3382509799210165e-17,-1.8671501255546463,5.486829017676168e-19,0.041,18.074304259722254,-1.6476372510692343,0.041,False
172,53488.146,-11.258627374241769,Ks,Ks,22633.800675714283,22633.800675714283,1.296992814552598e-17,-1.8807501255546466,5.966166946941951e-19,0.046,18.108304259722253,-1.6816372510692332,0.046,False
173,53490.13,-9.274627374245028,Ks,Ks,22617.009155827425,22617.009155827425,1.553594124300263e-17,-1.8023501255546481,4.971501197760841e-19,0.032,17.912304259722255,-1.4856372510692353,0.032,False
174,53492.14,-7.264627374242991,Ks,Ks,22617.009155827425,22617.009155827425,1.6238188181599934e-17,-1.7831501255546467,2.8416829317799883e-18,0.175,17.864304259722253,-1.4376372510692335,0.175,False
175,53493.141,-6.2636273742391495,Ks,Ks,22617.009155827425,22617.009155827425,1.5252378358197174e-17,-1.8103501255546472,4.880761074623096e-19,0.032,17.932304259722255,-1.5056372510692348,0.032,False
176,53494.126,-5.278627374245843,Ks,Ks,22617.009155827425,22617.009155827425,1.6464083881058936e-17,-1.7771501255546465,5.10386600312827e-19,0.031,17.849304259722256,-1.4226372510692364,0.031,False
177,53495.166,-4.23862737424497,Ks,Ks,22617.009155827425,22617.009155827425,1.3706847157434891e-17,-1.8567501255546457,1.3432710214286193e-18,0.098,18.048304259722254,-1.6216372510692345,0.098,False
178,53497.153,-2.2516273742439807,Ks,Ks,22617.009155827425,22617.009155827425,1.948666728414836e-17,-1.7039501255546465,5.066533493878573e-19,0.026,17.666304259722256,-1.2396372510692366,0.026,False
179,53498.132,-1.272627374244621,Ks,Ks,22617.009155827425,22617.009155827425,2.0957408082935383e-17,-1.6723501255546456,4.401055697416431e-19,0.021,17.587304259722256,-1.160637251069236,0.021,False
180,53499.227,-0.17762737424345687,Ks,Ks,22617.009155827425,22617.009155827425,1.881644476982375e-17,-1.7191501255546466,6.77392011713655e-19,0.036,17.704304259722257,-1.2776372510692369,0.036,False
181,53500.143,0.738372625753982,Ks,Ks,22633.800675714283,22633.800675714283,1.9922212586249264e-17,-1.6943501255546476,6.574330153462257e-19,0.033,17.642304259722255,-1.2156372510692357,0.033,False
182,53501.14,1.7353726257570088,Ks,Ks,22617.009155827425,22617.009155827425,2.3320484559039158e-17,-1.6259501255546471,6.296530830940573e-19,0.027,17.471304259722256,-1.0446372510692363,0.027,False
183,53502.131,2.7263726257588132,Ks,Ks,22617.009155827425,22617.009155827425,2.101539561730891e-17,-1.6711501255546484,6.304618685192673e-19,0.03,17.584304259722256,-1.1576372510692359,0.03,False
184,53503.131,3.7263726257588132,Ks,Ks,22617.009155827425,22617.009155827425,2.0423848018643053e-17,-1.683550125554648,7.148346806525069e-19,0.035,17.615304259722254,-1.1886372510692347,0.035,False
185,53509.141,9.73637262576085,Ks,Ks,22617.009155827425,22617.009155827425,2.5783244681606425e-17,-1.5823501255546457,6.187978723585542e-19,0.024,17.362304259722254,-0.9356372510692346,0.024,False
186,53513.14,13.735372625757009,Ks,Ks,22617.009155827425,22617.009155827425,1.7560528007147055e-17,-1.7491501255546478,1.281918544521735e-18,0.073,17.779304259722256,-1.3526372510692362,0.073,False
187,53515.141,15.73637262576085,Ks,Ks,22633.800675714283,22633.800675714283,2.5406074663618922e-17,-1.5887501255546486,6.859640159177109e-19,0.027,17.378304259722256,-0.9516372510692364,0.027,False
188,53516.145,16.74037262575439,Ks,Ks,22617.009155827425,22617.009155827425,2.1703889520363873e-17,-1.6571501255546455,7.379322436923717e-19,0.034,17.549304259722255,-1.1226372510692357,0.034,False
189,53525.147,25.742372625754797,Ks,Ks,22633.800675714283,22633.800675714283,1.7592905506782427e-17,-1.748350125554646,8.62052369832339e-19,0.049,17.777304259722257,-1.3506372510692373,0.049,False
190,53481.154,-18.25062737424014,J,J,11795.477535714284,11795.477535714284,6.36765812490795e-17,-1.1897079572282205,1.1461784624834309e-18,0.018,17.651120259733037,-1.2244532510800177,0.018,False
191,53482.142,-17.262627374242584,J,J,11724.775121056,11724.775121056,6.216983838502808e-17,-1.2001079572282212,1.865095151550842e-18,0.03,17.677120259733037,-1.2504532510800175,0.03,False
192,53485.154,-14.250627374240139,J,J,11724.775121056,11724.775121056,7.331278848212418e-17,-1.1285079572282175,1.7595069235709803e-18,0.024,17.498120259733035,-1.0714532510800154,0.024,False
193,53486.147,-13.257627374245203,J,J,11724.775121056,11724.775121056,7.399114336191327e-17,-1.1245079572282197,3.033636877838444e-18,0.041,17.488120259733037,-1.0614532510800174,0.041,False
194,53487.145,-12.25962737424561,J,J,11795.477535714284,11795.477535714284,8.621438576046104e-17,-1.0581079572282182,1.7242877152092209e-18,0.02,17.322120259733037,-0.895453251080017,0.02,False
195,53488.146,-11.258627374241769,J,J,11795.477535714284,11795.477535714284,8.871146235545429e-17,-1.0457079572282186,1.6855177847536316e-18,0.019,17.291120259733038,-0.8644532510800182,0.019,False
196,53489.136,-10.268627374243806,J,J,11739.749232857142,11739.749232857142,9.935271474090561e-17,-0.9965079572282196,1.9870542948181124e-18,0.02,17.168120259733037,-0.7414532510800171,0.02,False
197,53490.13,-9.274627374245028,J,J,11724.775121056,11724.775121056,9.392468308979958e-17,-1.0209079572282196,9.392468308979958e-19,0.01,17.229120259733037,-0.8024532510800171,0.01,False
198,53492.14,-7.264627374242991,J,J,11724.775121056,11724.775121056,1.0994607713503452e-16,-0.9525079572282191,1.7591372341605525e-18,0.016,17.058120259733037,-0.6314532510800177,0.016,False
199,53493.141,-6.2636273742391495,J,J,11724.775121056,11724.775121056,1.163000063363003e-16,-0.9281079572282191,1.2793000696993034e-18,0.011,16.997120259733038,-0.5704532510800178,0.011,False
200,53494.126,-5.278627374245843,J,J,11724.775121056,11724.775121056,1.1955830198592898e-16,-0.9161079572282187,1.0760247178733607e-18,0.009,16.967120259733036,-0.5404532510800166,0.009,False
201,53495.166,-4.23862737424497,J,J,11724.775121056,11724.775121056,1.1999958341948333e-16,-0.9145079572282189,5.999979170974167e-18,0.05,16.963120259733035,-0.5364532510800153,0.05,False
202,53497.153,-2.2516273742439807,J,J,11724.775121056,11724.775121056,1.250776573180629e-16,-0.89650795722822,1.5009318878167547e-18,0.012,16.918120259733037,-0.49145325108001714,0.012,False
203,53498.132,-1.272627374244621,J,J,11724.775121056,11724.775121056,1.2810902867935038e-16,-0.8861079572282193,2.049744458869606e-18,0.016,16.892120259733037,-0.46545325108001734,0.016,False
204,53499.227,-0.17762737424345687,J,J,11724.775121056,11724.775121056,1.3879689106419962e-16,-0.8513079572282187,2.498344039155593e-18,0.018,16.805120259733037,-0.3784532510800176,0.018,False
205,53500.143,0.738372625753982,J,J,11795.477535714284,11795.477535714284,1.3488999494354368e-16,-0.8637079572282182,2.8326898938144174e-18,0.021,16.836120259733036,-0.4094532510800164,0.021,False
206,53501.14,1.7353726257570088,J,J,11724.775121056,11724.775121056,1.3995220276347433e-16,-0.84770795722822,1.679426433161692e-18,0.012,16.796120259733037,-0.36945325108001725,0.012,False
207,53502.131,2.7263726257588132,J,J,11724.775121056,11724.775121056,1.3905280001454484e-16,-0.8505079572282206,1.6686336001745381e-18,0.012,16.80312025973304,-0.3764532510800187,0.012,False
208,53503.131,3.7263726257588132,J,J,11724.775121056,11724.775121056,1.3626356229984683e-16,-0.8593079572282196,1.9076898721978555e-18,0.014,16.825120259733037,-0.39845325108001717,0.014,False
209,53509.141,9.73637262576085,J,J,11724.775121056,11724.775121056,1.4189913184081506e-16,-0.8417079572282198,1.986587845771411e-18,0.014,16.781120259733036,-0.3544532510800167,0.014,False
210,53513.14,13.735372625757009,J,J,11724.775121056,11724.775121056,1.2066456133372648e-16,-0.9121079572282191,2.6546203493419824e-18,0.022,16.95712025973304,-0.5304532510800186,0.022,False
211,53515.141,15.73637262576085,J,J,11795.477535714284,11795.477535714284,1.2681766085605476e-16,-0.8905079572282197,2.155900234552931e-18,0.017,16.903120259733036,-0.47645325108001657,0.017,False
212,53516.145,16.74037262575439,J,J,11724.775121056,11724.775121056,1.3303923482971476e-16,-0.8697079572282185,2.3947062269348655e-18,0.018,16.851120259733037,-0.42445325108001697,0.018,False
213,53525.147,25.742372625754797,J,J,11795.477535714284,11795.477535714284,8.71725476101721e-17,-1.0533079572282187,1.5255195831780115e-17,0.175,17.310120259733036,-0.8834532510800166,0.175,False
214,53471.23865,-28.165977374243084,V,V,5239.185768274286,5239.185768274286,3.178273250908861e-16,-0.491496462828394,6.992201151999494e-18,0.022,17.655408165724,-1.2287411570709814,0.022,False
215,53472.24146,-27.16316737424495,V,V,5237.779210863143,5237.779210863143,3.4244531799087627e-16,-0.4590964628283931,6.164015723835773e-18,0.018,17.574408165724,-1.147741157070982,0.018,False
216,53473.20638,-26.198247374239145,V,V,5239.185768274286,5239.185768274286,3.662614688731156e-16,-0.42989646282839367,6.958967908589196e-18,0.019,17.501408165724,-1.0747411570709815,0.019,False
217,53473.2198,-26.18482737424347,V,V,5239.185768274286,5239.185768274286,3.5529674827936945e-16,-0.4430964628283931,6.750638217308019e-18,0.019,17.534408165724003,-1.1077411570709828,0.019,False
218,53474.20478,-25.19984737424238,V,V,5239.185768274286,5239.185768274286,3.723841887667892e-16,-0.4226964628283927,7.075299586568995e-18,0.019,17.483408165724,-1.0567411570709808,0.019,False
219,53474.21816,-25.186467374245694,V,V,5239.185768274286,5239.185768274286,3.7307077797020653e-16,-0.42189646282839277,6.342203225493512e-18,0.017,17.481408165724,-1.054741157070982,0.017,False
220,53476.21587,-23.188757374242414,V,V,5553.07585,5553.07585,4.075596989678004e-16,-0.38349646282839345,7.743634280388207e-18,0.019,17.385408165724,-0.9587411570709818,0.019,False
221,53477.19315,-22.21147737424326,V,V,5239.185768274286,5239.185768274286,3.8070732486949013e-16,-0.41309646282839374,6.091317197911842e-18,0.016,17.459408165724003,-1.0327411570709835,0.016,False
222,53477.20631,-22.198317374241014,V,V,5239.185768274286,5239.185768274286,3.8281701521686336e-16,-0.410696462828394,7.656340304337267e-18,0.02,17.453408165724003,-1.0267411570709832,0.02,False
223,53482.19648,-17.20814737424371,V,V,5189.434700193143,5189.434700193143,4.485297279486279e-16,-0.3418964628283945,1.0316183742818442e-17,0.023,17.281408165724002,-0.8547411570709826,0.023,False
224,53482.21025,-17.19437737424596,V,V,5189.434700193143,5189.434700193143,4.679411443460589e-16,-0.3234964628283947,1.357029318603571e-17,0.029,17.235408165724003,-0.8087411570709833,0.029,False
225,53482.22357,-17.18105737424048,V,V,5189.434700193143,5189.434700193143,4.908979661736801e-16,-0.30269646282839346,9.327061357299922e-18,0.019,17.183408165724003,-0.7567411570709837,0.019,False
226,53482.23696,-17.16766737424041,V,V,5189.434700193143,5189.434700193143,4.683723326064584e-16,-0.3230964628283939,1.1240935982555001e-17,0.024,17.234408165724002,-0.807741157070982,0.024,False
227,53483.27183,-16.132797374244547,V,V,4597.839817935,4597.839817935,4.899945310523657e-16,-0.3034964628283934,1.9599781242094627e-17,0.04,17.185408165724002,-0.7587411570709826,0.04,False
228,53486.21579,-13.188837374240393,V,V,5189.434700193143,5189.434700193143,6.028249694225843e-16,-0.21349646282839352,1.1453674419029101e-17,0.019,16.960408165724,-0.5337411570709811,0.019,False
229,53490.23475,-9.16987737423915,V,V,5189.434700193143,5189.434700193143,7.998181087176852e-16,-0.09069646282839372,2.3194725152812872e-17,0.029,16.653408165724002,-0.22674115707098252,0.029,False
230,53490.24553,-9.159097374242265,V,V,5189.434700193143,5189.434700193143,8.035099013683882e-16,-0.08869646282839483,1.2856158421894212e-17,0.016,16.648408165724003,-0.22174115707098352,0.016,False
231,53492.17258,-7.232047374243848,V,V,5189.434700193143,5189.434700193143,8.924650811624216e-16,-0.04309646282839452,1.517190637976117e-17,0.017,16.534408165724003,-0.10774115707098275,0.017,False
232,53492.18961,-7.2150173742411425,V,V,5189.434700193143,5189.434700193143,9.082203586058719e-16,-0.035496462828392694,1.6347966454905692e-17,0.018,16.515408165724,-0.08874115707098085,0.018,False
233,53493.14235,-6.262277374240512,V,V,5189.434700193143,5189.434700193143,9.31947038930119e-16,-0.024296462828393928,1.6775046700742142e-17,0.018,16.487408165724002,-0.060741157070982155,0.018,False
234,53493.1599,-6.244727374243666,V,V,5189.434700193143,5189.434700193143,9.353867910720008e-16,-0.022696462828392328,1.5901575448224015e-17,0.017,16.483408165724,-0.05674115707098082,0.017,False
235,53494.15177,-5.25285737424565,V,V,5189.434700193143,5189.434700193143,9.518997939012873e-16,-0.015096462828394053,1.6182296496321887e-17,0.017,16.464408165724002,-0.03774115707098247,0.017,False
236,53494.16891,-5.2357173742420855,V,V,5189.434700193143,5189.434700193143,9.57174748375958e-16,-0.012696462828394317,1.6271970722391285e-17,0.017,16.458408165724002,-0.03174115707098224,0.017,False
237,53495.16763,-4.236997374238854,V,V,5189.434700193143,5189.434700193143,1.002285004497903e-15,0.007303537171607033,1.8041130080962252e-17,0.018,16.408408165724,0.01825884292901847,0.018,False
238,53496.13523,-3.269397374242544,V,V,5239.185768274286,5239.185768274286,1.00876785049713e-15,0.010103537171605836,1.7149053458451212e-17,0.017,16.401408165724003,0.025258842929016367,0.017,False
239,53496.15994,-3.244687374244677,V,V,5239.185768274286,5239.185768274286,1.002285004497903e-15,0.007303537171607033,1.7038845076464352e-17,0.017,16.408408165724,0.01825884292901847,0.017,False
240,53497.14987,-2.254757374241308,V,V,5189.434700193143,5189.434700193143,1.0294167553583616e-15,0.018903537171606644,1.8529501596450508e-17,0.018,16.379408165724,0.047258842929018385,0.018,False
241,53497.16735,-2.2372773742390564,V,V,5189.434700193143,5189.434700193143,1.022801209184157e-15,0.016103537171606064,1.7387620556130672e-17,0.017,16.386408165724003,0.040258842929016936,0.017,False
242,53498.1405,-1.2641273742410704,V,V,5189.434700193143,5189.434700193143,1.0332162614903793e-15,0.020503537171606467,2.2730757752788342e-17,0.022,16.375408165724004,0.05125884292901617,0.022,False
243,53498.15759,-1.2470373742398806,V,V,5189.434700193143,5189.434700193143,1.0341683272101612e-15,0.020903537171605535,1.758086156257274e-17,0.017,16.374408165724002,0.05225884292901739,0.017,False
244,53499.13601,-0.26861737424042076,V,V,5189.434700193143,5189.434700193143,1.0171645897223102e-15,0.013703537171606328,1.7291798025279276e-17,0.017,16.392408165724003,0.03425884292901671,0.017,False
245,53499.1531,-0.251527374239231,V,V,5189.434700193143,5189.434700193143,1.04085739665897e-15,0.023703537171606115,1.8735433139861458e-17,0.018,16.367408165724,0.05925884292901884,0.018,False
246,53501.15575,1.75112262575567,V,V,5189.434700193143,5189.434700193143,1.0096973880252109e-15,0.01050353717160668,1.8174552984453794e-17,0.018,16.400408165724002,0.02625884292901759,0.018,False
247,53502.17749,2.772862625759444,V,V,5189.434700193143,5189.434700193143,9.894440307766158e-16,0.0017035371716076497,1.682054852320247e-17,0.017,16.422408165724,0.004258842929019124,0.017,False
248,53503.17371,3.7690826257603476,V,V,5189.434700193143,5189.434700193143,9.624789340206422e-16,-0.010296462828392805,1.5399662944330275e-17,0.016,16.452408165724,-0.025741157070982013,0.016,False
249,53509.15714,9.752512625760573,V,V,5189.434700193143,5189.434700193143,8.00555107767888e-16,-0.09029646282839288,1.3609436832054097e-17,0.017,16.652408165724,-0.2257411570709813,0.017,False
250,53509.17698,9.772352625754138,V,V,5189.434700193143,5189.434700193143,8.290700617747192e-16,-0.07509646282839277,1.5752331173719664e-17,0.019,16.614408165724,-0.18774115707098105,0.019,False
251,53510.1538,10.749172625757637,V,V,5239.185768274286,5239.185768274286,7.830531352961214e-16,-0.0998964628283936,1.644411584121855e-17,0.021,16.676408165724002,-0.2497411570709822,0.021,False
252,53511.15766,11.753032625754713,V,V,5183.0357602,5183.0357602,7.596109783447078e-16,-0.1130964628283948,1.671144152358357e-17,0.022,16.709408165724003,-0.28274115707098346,0.022,False
253,53512.15657,12.751942625756783,V,V,5239.185768274286,5239.185768274286,7.321351075920303e-16,-0.12909646282839304,1.6106972367024664e-17,0.022,16.749408165724002,-0.3227411570709826,0.022,False
254,53516.16166,16.757032625755528,V,V,5189.434700193143,5189.434700193143,5.574311484294276e-16,-0.24749646282839421,9.47632952330027e-18,0.017,17.045408165724,-0.618741157070982,0.017,False
255,53524.14938,24.744752625760157,V,V,5239.185768274286,5239.185768274286,3.2106371959789685e-16,-0.4870964628283936,7.705529270349525e-18,0.024,17.644408165724002,-1.2177411570709822,0.024,False
256,53526.15076,26.7461326257544,V,V,5553.07585,5553.07585,2.6193361260002726e-16,-0.5754964628283936,4.976738639400518e-18,0.019,17.865408165724002,-1.4387411570709823,0.019,False
257,53471.23516,-28.16946737424587,r,r,5800.004133837715,5800.004133837715,2.3685701945548216e-16,-0.6192014356838786,4.973997408565126e-18,0.021,17.67378144319378,-1.2471144345407588,0.021,False
258,53473.2029,-26.20172737424582,r,r,5800.004133837715,5800.004133837715,2.609073176710292e-16,-0.5772014356838788,5.4790536710916136e-18,0.021,17.568781443193778,-1.1421144345407583,0.021,False
259,53473.21631,-26.188317374238977,r,r,5800.004133837715,5800.004133837715,2.6624794225331857e-16,-0.568401435683878,5.324958845066371e-18,0.02,17.546781443193776,-1.1201144345407563,0.02,False
260,53474.20131,-25.20331737424567,r,r,5800.004133837715,5800.004133837715,2.7370722397904736e-16,-0.5564014356838776,4.926730031622852e-18,0.018,17.51678144319378,-1.0901144345407587,0.018,False
261,53474.2147,-25.1899273742456,r,r,5800.004133837715,5800.004133837715,2.7956722776226887e-16,-0.5472014356838777,5.032210099720839e-18,0.018,17.49378144319378,-1.067114434540759,0.018,False
262,53476.21237,-23.192257374241308,r,r,6378.39538,6378.39538,2.9572378758216954e-16,-0.5228014356838777,5.914475751643391e-18,0.02,17.43278144319378,-1.006114434540759,0.02,False
263,53477.18966,-22.214967374246044,r,r,5800.004133837715,5800.004133837715,3.045693945186956e-16,-0.5100014356838791,5.177679706817826e-18,0.017,17.40078144319378,-0.9741144345407591,0.017,False
264,53477.20295,-22.201677374243445,r,r,5800.004133837715,5800.004133837715,3.0372899976451687e-16,-0.5112014356838781,5.1633929959967876e-18,0.017,17.40378144319378,-0.9771144345407592,0.017,False
265,53478.16307,-21.241557374240074,r,r,7061.84545635543,7061.84545635543,3.1454751603502585e-16,-0.496001435683878,7.54914038484062e-18,0.024,17.36578144319378,-0.9391144345407589,0.024,False
266,53482.19314,-17.21148737423937,r,r,6932.192145756571,6932.192145756571,3.7956508825728696e-16,-0.4144014356838781,8.350431941660312e-18,0.022,17.161781443193778,-0.7351144345407583,0.022,False
267,53482.20677,-17.19785737424536,r,r,6932.192145756571,6932.192145756571,3.844910721151156e-16,-0.4088014356838787,8.074312514417428e-18,0.021,17.14778144319378,-0.721114434540759,0.021,False
268,53482.22008,-17.184547374243266,r,r,6932.192145756571,6932.192145756571,3.767786276393763e-16,-0.41760143568387775,8.665908435705655e-18,0.023,17.169781443193777,-0.7431144345407574,0.023,False
269,53482.2335,-17.171127374240314,r,r,6932.192145756571,6932.192145756571,3.8026491735705263e-16,-0.4136014356838782,7.225033429784e-18,0.019,17.15978144319378,-0.7331144345407594,0.019,False
270,53483.26834,-16.136287374240055,r,r,5686.050442684285,5686.050442684285,4.1618484329127976e-16,-0.3744014356838772,1.4566469515194794e-17,0.035,17.061781443193777,-0.6351144345407569,0.035,False
271,53485.18927,-14.21535737423983,r,r,6932.192145756571,6932.192145756571,4.488345289709298e-16,-0.34160143568387724,1.0772028695302314e-17,0.024,16.979781443193776,-0.5531144345407562,0.024,False
272,53485.20661,-14.198017374241317,r,r,6932.192145756571,6932.192145756571,4.500764195508007e-16,-0.34040143568387826,9.451604810566815e-18,0.021,16.97678144319378,-0.5501144345407596,0.021,False
273,53486.2123,-13.192327374243177,r,r,6060.8134229748575,6060.8134229748575,4.774042269404129e-16,-0.3148014356838793,8.593276084927432e-18,0.018,16.91278144319378,-0.48611443454075953,0.018,False
274,53490.24799,-9.156637374238926,r,r,6932.192145756571,6932.192145756571,6.34579824036173e-16,-0.19120143568387782,1.0787857008614941e-17,0.017,16.60378144319378,-0.17711443454075848,0.017,False
275,53492.1691,-7.235527374243247,r,r,6932.192145756571,6932.192145756571,6.913313635775254e-16,-0.15400143568387747,1.2443964544395456e-17,0.018,16.51078144319378,-0.08411443454075851,0.018,False
276,53492.18612,-7.218507374243927,r,r,6932.192145756571,6932.192145756571,7.028882120385985e-16,-0.14680143568387827,1.2651987816694772e-17,0.018,16.492781443193778,-0.06611443454075783,0.018,False
277,53493.13889,-6.265737374240416,r,r,6932.192145756571,6932.192145756571,7.120102732962784e-16,-0.14120143568387888,1.352819519262929e-17,0.019,16.47878144319378,-0.05211443454075848,0.019,False
278,53493.15641,-6.248217374239175,r,r,6932.192145756571,6932.192145756571,7.232463655845137e-16,-0.13440143568387874,1.3018434580521246e-17,0.018,16.46178144319378,-0.03511443454075902,0.018,False
279,53494.14829,-5.256337374245049,r,r,6932.192145756571,6932.192145756571,7.400929375951584e-16,-0.12440143568387718,1.2581579939117695e-17,0.017,16.436781443193777,-0.01011443454075689,0.017,False
280,53495.16414,-4.2404873742416385,r,r,6060.8134229748575,6060.8134229748575,7.728340708036916e-16,-0.10560143568387659,1.391101327446645e-17,0.018,16.389781443193776,0.03688556545924371,0.018,False
281,53496.13176,-3.272867374245834,r,r,5800.004133837715,5800.004133837715,7.850300113241009e-16,-0.09880143568387822,1.3345510192509716e-17,0.017,16.372781443193777,0.05388556545924317,0.017,False
282,53496.15645,-3.2481773742401856,r,r,5800.004133837715,5800.004133837715,7.944860205336217e-16,-0.09360143568387791,1.430074836960519e-17,0.018,16.35978144319378,0.06688556545924129,0.018,False
283,53497.14638,-2.2582473742440925,r,r,6932.192145756571,6932.192145756571,8.040559312614053e-16,-0.0884014356838776,1.3668950831443891e-17,0.017,16.346781443193777,0.07988556545924297,0.017,False
284,53497.16389,-2.240737374238961,r,r,6932.192145756571,6932.192145756571,8.025761688303942e-16,-0.08920143568387928,1.4446371038947096e-17,0.018,16.34878144319378,0.07788556545924052,0.018,False
285,53498.13703,-1.2675973742443603,r,r,6932.192145756571,6932.192145756571,8.174971738281099e-16,-0.08120143568387661,1.389745195507787e-17,0.017,16.328781443193776,0.09788556545924365,0.017,False
286,53498.15413,-1.2504973742397851,r,r,6932.192145756571,6932.192145756571,8.144909440186909e-16,-0.08280143568387821,1.3846346048317747e-17,0.017,16.332781443193777,0.09388556545924232,0.017,False
287,53499.13255,-0.2720773742403253,r,r,6932.192145756571,6932.192145756571,8.122435287202462e-16,-0.08400143568387719,1.462038351696443e-17,0.018,16.335781443193778,0.0908855654592422,0.018,False
288,53499.14964,-0.25498737423913553,r,r,6932.192145756571,6932.192145756571,8.122435287202462e-16,-0.08400143568387719,1.462038351696443e-17,0.018,16.335781443193778,0.0908855654592422,0.018,False
289,53501.15823,1.7536026257585036,r,r,6932.192145756571,6932.192145756571,8.190044470967004e-16,-0.08040143568387847,1.638008894193401e-17,0.02,16.326781443193777,0.09988556545924254,0.02,False
290,53502.17997,2.775342625755002,r,r,6932.192145756571,6932.192145756571,8.033157093180332e-16,-0.08880143568387844,1.526299847704263e-17,0.019,16.347781443193778,0.07888556545924175,0.019,False
291,53503.17616,3.771532625760301,r,r,6932.192145756571,6932.192145756571,7.872021289154443e-16,-0.09760143568387747,1.3382436191562554e-17,0.017,16.369781443193776,0.05688556545924328,0.017,False
292,53508.16858,8.763952625755337,r,r,5661.4881932,5661.4881932,7.664542909505171e-16,-0.10920143568387708,4.215498600227844e-17,0.055,16.398781443193776,0.027885565459243367,0.055,False
293,53509.15366,9.749032625761174,r,r,6932.192145756571,6932.192145756571,7.04833049596518e-16,-0.1456014356838775,1.2686994892737322e-17,0.018,16.489781443193777,-0.06311443454075771,0.018,False
294,53509.17348,9.768852625755244,r,r,6932.192145756571,6932.192145756571,7.199233503826283e-16,-0.13640143568387764,1.583831370841782e-17,0.022,16.466781443193778,-0.040114434540758026,0.022,False
295,53510.1503,10.745672625758743,r,r,5800.004133837715,5800.004133837715,6.951623776119307e-16,-0.15160143568387774,1.4598409929850546e-17,0.021,16.504781443193778,-0.07811443454075828,0.021,False
296,53511.15421,11.749582625758194,r,r,7138.838681464,7138.838681464,6.749727812175399e-16,-0.1644014356838781,1.2824482843133259e-17,0.019,16.536781443193778,-0.11011443454075831,0.019,False
297,53512.15308,12.748452625753998,r,r,5800.004133837715,5800.004133837715,6.577884748798102e-16,-0.17560143568387687,1.4471346447355824e-17,0.022,16.564781443193777,-0.138114434540757,0.022,False
298,53513.15544,13.750812625759863,r,r,6932.192145756571,6932.192145756571,6.021244462707145e-16,-0.21400143568387797,1.2644613371685005e-17,0.021,16.660781443193777,-0.2341144345407571,0.021,False
299,53513.17255,13.767922625760548,r,r,6932.192145756571,6932.192145756571,6.369220143299789e-16,-0.189601435683878,1.9744582444229345e-17,0.031,16.599781443193777,-0.17311443454075714,0.031,False
300,53516.15816,16.753532625756634,r,r,6060.8134229748575,6060.8134229748575,5.312344856160567e-16,-0.2684014356838773,9.030986255472965e-18,0.017,16.796781443193776,-0.3701144345407563,0.017,False
301,53522.15679,22.7521626257585,r,r,7138.838681464,7138.838681464,3.4584878948743734e-16,-0.4548014356838781,9.337917316160809e-18,0.027,17.262781443193777,-0.8361144345407574,0.027,False
302,53522.15723,22.752602625754662,r,r,7138.838681464,7138.838681464,3.736683032003669e-16,-0.42120143568387824,8.220702670408071e-18,0.022,17.178781443193778,-0.7521144345407578,0.022,False
303,53522.1748,22.770172625758278,r,r,7138.838681464,7138.838681464,3.705836546288456e-16,-0.42480143568387874,1.0005758674978831e-17,0.027,17.187781443193778,-0.7611144345407581,0.027,False
304,53524.14587,24.741242625757877,r,r,5800.004133837715,5800.004133837715,3.2455347234194406e-16,-0.4824014356838777,7.140176391522769e-18,0.022,17.331781443193776,-0.9051144345407565,0.022,False
305,53526.14727,26.74264262575889,r,r,6378.39538,6378.39538,2.7930985537237526e-16,-0.5476014356838768,5.30688725207513e-18,0.019,17.494781443193776,-1.0681144345407567,0.019,False
